id,spell,pos,meaning
1,follow,動詞,"～に続く
＜指示・方針など＞に従う"
2,consider,動詞,～を考慮する
3,increase,動詞,増える、～を増やす
4,expect,動詞,～を予期する
5,decide,動詞,～することを決意する
6,develop,動詞,"発達する
～を発達させる"
7,provide,動詞,"～を供給する
与える"
8,continue,動詞,続く、（～を）続ける
9,include,動詞,～を含む、含める
10,remain,動詞,（ある状態の）ままでいる
11,reach,動詞,～に着く、～に達する
12,allow,動詞,～を許可する
13,force,動詞,～を強制する
14,offer,動詞,～を申し出る
15,realize,動詞,～を悟る
16,suggest,動詞,"～と提案する
～をほのめかす"
17,require,動詞,～を必要とする
18,worry,動詞,心配する
19,wonder,動詞,～かと疑問に思う
20,cost,動詞,＜費用＞を要する
21,tend,動詞,"Vする傾向がある
Vしがちである"
22,depend,動詞,"Aに依存する
A次第で決まる"
23,share,動詞,～を分け合う、共有する
24,demand,動詞,～を要求する
25,support,動詞,"～を支持する
＜家族など＞を養う
～を立証する"
26,hire,動詞,～を雇う
27,regard,動詞,AをBだと思う、みなす
28,base,動詞,AがBに基づいている
29,improve,動詞,～を向上させる
30,recognize,動詞,～を認める
31,notice,動詞,～に気づく
32,suppose,動詞,～だと思う
33,raise,動詞,"～を上げる、～を育てる
＜問題など＞を提起する"
34,prefer,動詞,～をより好む
35,cheer,動詞,～を励ます
36,suffer,動詞,"＜苦痛、損害など＞を経験する
受ける＜病気など＞で苦しむ"
37,describe,動詞,"～を描写する
～の特徴を説明する"
38,prevent,動詞,～を妨げる
39,reduce,動詞,～を減らす、AをBにする
40,mistake,動詞,～を誤解する、間違える
41,prepare,動詞,～を準備する
42,encourage,動詞,＜人を＞励ます
43,prove,動詞,"～だとわかる
～を証明する"
44,treat,動詞,～を扱う
45,establish,動詞,～を設立する、創設する
46,relate,動詞,関係がある
47,compare,動詞,"～を比較する
～をたとえる"
48,spread,動詞,～を広げる；広がる
49,refer,動詞,Aを指示する
50,supply,動詞,～を供給する
51,gain,動詞,～を得る
52,destroy,動詞,～を破壊する
53,apply,動詞,当てはまる、申し込む
54,seek,動詞,～を求める
55,search,動詞,Aを探す
56,claim,動詞,～と主張する
57,draw,動詞,～を引っ張る
58,refuse,動詞,＜申し出など＞を断る
59,respond,動詞,Aに返答する
60,mention,動詞,～について述べる
61,judge,動詞,～を判断する
62,approach,動詞,"（～に）接近する
（問題など）に取り組む"
63,admit,動詞,"＜自分に不利・不快なこと＞を認める
＜人＞の入場を許可する"
64,reflect,動詞,"～を反映する、反射する
Aについてよく考える"
65,perform,動詞,～を行う、～を遂行する
66,bore,動詞,＜人＞をうんざりさせる
67,survive,動詞,生き残る
68,represent,動詞,～をあらわす
69,argue,動詞,～と主張する
70,grant,動詞,～を認める、～を与える
71,indicate,動詞,～を指し示す
72,belong,動詞,所属している
73,acquire,動詞,＜言語、技術など＞を習得する
74,reply,動詞,返事する
75,feed,動詞,～に餌をやる
76,escape,動詞,逃げる
77,replace,動詞,"～にとって代わる
～を取り替える"
78,reveal,動詞,～を明らかにする
79,surround,動詞,～を取り囲む
80,suit,動詞,～に合う
81,estimate,動詞,＜数量＞を推定する
82,aim,動詞,Aをねらう
83,earn,動詞,＜金＞をもうける、かせぐ
84,decline,動詞,"衰退する、低下する
～を辞退する"
85,afford,動詞,～をする余裕がある
86,confuse,動詞,"＜人＞を当惑させる
～を混同する"
87,graduate,動詞,Aを卒業する
88,vary,動詞,変わる、さまざまである
89,remove,動詞,～を移す、取り去る
90,insist,動詞,"～と（強く）主張する
言い張る"
91,examine,動詞,～を調査する
92,remind,動詞,AにBのことを思い出させる
93,contribute,動詞,"Aに貢献する
Aの一因となる、AをBに寄付する"
94,warn,動詞,＜人＞に警告する
95,connect,動詞,～をつなぐ
96,match,動詞,～に匹敵する、～に調和する
97,focus,動詞,焦点を合わせる
98,reject,動詞,＜提案など＞を断る
99,convince,動詞,＜人＞を納得させる、確信させる
100,associate,動詞,"AをBに関連付ける
AからBを連想する"
101,rush,動詞,急いでいく
102,stress,動詞,～を強調する
103,attract,動詞,＜人・注意＞を引きつける
104,rely,動詞,Aに頼る
105,regret,動詞,～を後悔する
106,adopt,動詞,＜理論・技術など＞を採用する
107,shake,動詞,～を振る
108,hurt,動詞,～を傷つける
109,operate,動詞,"＜機械などが＞作動する
＜機械など＞を操作する
手術する"
110,extend,動詞,～を広げる、延長する
111,blame,動詞,～を非難する、～のせいにする
112,consist,動詞,Aで構成されている
113,persuade,動詞,～を説得する
114,admire,動詞,～に感心する
115,disappoint,動詞,～を失望させる
116,expand,動詞,（～を）拡大する
117,preserve,動詞,"～を保護する
～を保つ"
118,struggle,動詞,"苦闘する
もがく"
119,arrange,動詞,"＜会合など＞の手はずを整える
～を配列する"
120,disturb,動詞,＜人・仕事＞を妨げる
121,employ,動詞,"～を雇う
＜方法・言葉など＞を用いる"
122,engage,動詞,"A（活動・仕事など）に従事する
Aを行う"
123,abandon,動詞,～を捨てる
124,display,動詞,"～を展示する
～をあらわす"
125,encounter,動詞,～に偶然出会う
126,amuse,動詞,～を楽しませる
127,bother,動詞,"＜人＞に面倒をかける、困らせる
（～を）気にする"
128,concentrate,動詞,集中する
129,adapt,動詞,"～を適応させる
適応する"
130,puzzle,動詞,～を当惑させる
131,appeal,動詞,"A＜理性・感情など＞に訴える
＜人＞を引きつける"
132,combine,動詞,～を統合させる
133,delay,動詞,～を遅らせる
134,repair,動詞,～を修理する
135,fascinate,動詞,＜人＞を夢中にさせる
136,pardon,動詞,～を許す
137,import,動詞,～を輸入する
138,remark,動詞,〈～と〉述べる
139,reserve,動詞,～を予約する、～を取っておく
140,amaze,動詞,～を驚嘆させる
141,frighten,動詞,＜人＞を怯えさせる
142,release,動詞,"～を解放する
～を発表する
＜ガスなど＞を放出する"
143,rent,動詞,＜家・車など＞を賃借りする
144,recover,動詞,A（病気など）から回復する
145,suspect,動詞,"～ではないかと思う
＜人・もの＞を疑う"
146,deliver,動詞,"～を配達する、渡す
＜講義など＞をする"
147,identify,動詞,"～の正体をつきとめる
Aと共感する"
148,locate,動詞,（Aに）位置する
149,manufacture,動詞,～を製造する
150,occupy,動詞,＜場所・地位など＞を占める
151,own,動詞,～を所有している
152,expose,動詞,AをBにさらす
153,translate,動詞,～を翻訳する
154,cure,動詞,～を治療する
155,perceive,動詞,～を知覚する
156,adjust,動詞,"＜環境に＞慣れる
調整して合わせる"
157,alarm,動詞,～をぎょっとさせる、怯えさせる
158,assist,動詞,（～を）助ける、手伝う
159,freeze,動詞,凍り付く
160,spoil,動詞,～を台無しにする
161,shift,動詞,～を変える
162,embarrass,動詞,"～を困惑させる
～に恥ずかしい思いをさせる"
163,approve,動詞,"賛成する
～を承認する"
164,weigh,動詞,"～の正体をつきとめる
～の重さがある
～を比較検討する、よく考える"
165,stretch,動詞,～を広げる
166,participate,動詞,Aに参加する
167,exhibit,動詞,～を展示する
168,owe,動詞,AのことはBのおかげだ
169,celebrate,動詞,＜特定の日・できごと＞を祝う
170,decorate,動詞,～を装飾する
171,forgive,動詞,＜過ち・人＞を許す
172,seat,動詞,座っている
173,injure,動詞,～を傷つける
174,sew,動詞,～を縫う
175,result,名詞,結果
176,feature,名詞,特徴
177,society,名詞,"社会
協会、団体、学会"
178,wheel,名詞,"車輪
（自動車の）ハンドル"
179,value,名詞,価値
180,effect,名詞,"効果、影響
結果"
181,individual,名詞,個人
182,influence,名詞,影響（力）
183,fee,名詞,謝礼、料金
184,rate,名詞,"割合
速度
～を評価する"
185,sign,名詞,印、兆候
186,service,名詞,"（公益）事業
業務"
187,advance,名詞,前進、進歩
188,laughter,形容詞,笑い
189,material,名詞,物質
190,industry,名詞,工業
191,attempt,動詞,試み
192,trade,名詞,貿易
193,progress,名詞,進歩、前進
194,excuse,動詞,言い訳
195,custom,形容詞,"（社会的な）習慣
税関"
196,passage,名詞,"一節
（時の）経過
通行"
197,economy,名詞,経済
198,track,名詞,小道、足跡
199,transportation,名詞,交通機関、輸送
200,official,名詞,役人
201,sight,名詞,"見ること
光景
視力"
202,taste,名詞,"味
好み"
203,range,名詞,範囲
204,appointment,名詞,約束、予約
205,patient,形容詞,患者、忍耐強い
206,project,名詞,計画
207,favor,名詞,好意
208,appearance,名詞,"外見、様子
出現"
209,risk,名詞,危険
210,benefit,名詞,利益
211,resident,名詞,住民
212,relative,名詞,親族、親戚
213,region,名詞,地域
214,characteristic,名詞,特徴
215,pain,名詞,苦痛
216,twin,動詞,双子の一方、双生児
217,occasion,名詞,場合
218,principle,名詞,原理、原則
219,department,名詞,"（組織の）部門
（大学などの）学科"
220,duty,名詞,"義務
関税"
221,scene,名詞,"場面、現場
眺め、光景"
222,jam,名詞,渋滞
223,spirit,名詞,精神
224,medium,名詞,手段
225,mass,名詞,"一般大衆
多くのA"
226,audience,名詞,（集合的に）聴衆、観客
227,element,名詞,"要素
元素"
228,climate,名詞,気候
229,revolution,名詞,"革命
回転"
230,quarter,名詞,４分の１
231,furniture,名詞,家具
232,brain,名詞,脳
233,atmosphere,名詞,"大気
雰囲気"
234,property,名詞,財産
235,reward,名詞,"報酬
～に報いる"
236,security,名詞,安全
237,delight,動詞,大喜び
238,desert,名詞,砂漠
239,background,名詞,"背景
生い立ち、経歴"
240,trend,名詞,傾向
241,vote,名詞,投票
242,impact,名詞,"影響
衝撃"
243,institution,名詞,"機関
制度"
244,interaction,名詞,＜人と人の＞交流
245,alternative,名詞,代わりのもの
246,harm,名詞,害
247,agency,名詞,"（政治的）機関
代理店"
248,capacity,名詞,"能力
収容力"
249,minister,名詞,大臣
250,volunteer,名詞,ボランティア
251,access,動詞,利用する権利
252,quantity,名詞,量
253,branch,名詞,"枝
支店、支局
（学問の）部門、分野"
254,common,形容詞,"共通の
普通の"
255,rough,形容詞,"荒い；手荒い
大雑把な"
256,likely,形容詞,ありそうな、～する可能性が高い
257,serious,形容詞,深刻な
258,particular,形容詞,ある特定の；特有の
259,available,動詞,手に入る、利用できる
260,bilingual,名詞,二言語使用の
261,ready,形容詞,"用意ができた
進んでVする"
262,correct,形容詞,正しい
263,familiar,動詞,"＜人が＞熟知している
詳しい
よく知られた"
264,physical,形容詞,"身体の、肉体の
物理的な"
265,worth,動詞,Aの価値がある
266,involved,動詞,Aに関係している、参加している
267,fantastic,形容詞,素晴らしい
268,private,形容詞,個人の；私的な
269,obvious,形容詞,明白な
270,native,形容詞,母国の
271,complex,形容詞,複雑な
272,willing,動詞,"Vする気がある
Vしてもかまわない"
273,current,形容詞,最新の
274,male,名詞,男の
275,proper,形容詞,適切な
276,capable,形容詞,～する能力がある
277,independent,形容詞,独立した
278,positive,形容詞,積極的な
279,pleasant,形容詞,＜人にとって＞楽しい
280,significant,形容詞,重要な
281,former,名詞,前の
282,chemical,形容詞,化学的な
283,upset,動詞,＜人が＞動揺している
284,previous,形容詞,＜時間・順序で＞前の
285,calm,形容詞,冷静な
286,specific,形容詞,"特定の
明確な"
287,conscious,形容詞,意識している
288,superior,動詞,より優れている
289,efficient,形容詞,効率がいい
290,fundamental,形容詞,基本的な
291,narrow,形容詞,狭い
292,reasonable,形容詞,"理にかなった
＜値段が＞手頃な"
293,nervous,形容詞,神経質な、不安な
294,alike,動詞,似ている
295,domestic,形容詞,"家庭の
国内の"
296,negative,形容詞,否定の
297,moral,形容詞,道徳的な
298,eager,動詞,熱望している
299,remarkable,形容詞,素晴らしい
300,evil,形容詞,（道徳的に）悪い
301,awake,形容詞,目を覚まして
302,aged,形容詞,年老いた
303,anxious,形容詞,"（未知のことを）心配して
切望して"
304,tough,形容詞,"たくましい
骨の折れる"
305,nuclear,形容詞,核の、原子力の
306,legal,形容詞,合法の、法律の
307,curious,形容詞,好奇心が強い
308,civil,名詞,一般市民
309,recent,形容詞,最近の
310,senior,形容詞,＜役職などが＞上級の；先輩の
311,afterward,副詞,その後
312,nearly,副詞,ほとんど
313,therefore,副詞,それゆえに
314,exactly,副詞,正確に
315,possibly,副詞,"ひょっとすると
どうしてもVできない"
316,contrary,形容詞,反対に
317,occasionally,副詞,時々
318,somehow,副詞,どういうわけか、なぜか
319,seldom,形容詞,めったに～ない
320,thus,副詞,"それゆえ
そのように"
321,throughout,前置詞,＜場所＞のいたる所に
322,unlike,形容詞,～と違って
323,besides,前置詞,～に加えて
324,beyond,前置詞,"～の向こうに
～できる範囲をこえて"
325,within,前置詞,＜時間・距離＞以内で
326,nor,接続詞,～もない
327,unless,接続詞,～しない限り
328,except,前置詞,～を除いて
329,ought,助動詞,＜人は＞Vすべきである
330,in spite of,名詞,～にもかかわらず
331,whether,接続詞,"～かどうか
～であろうと"
332,explain why ~,動詞,～を説明する
333,accept ~,動詞,～を受け入れる
334,produce ~,動詞,～を生産する
335,exist,動詞,存在する
336,express ~,動詞,～を表現する
337,add - to ~,動詞,～にーを加える
338,avoid Ving,動詞,避ける
339,marry ~,動詞,～と結婚する
340,protect - from ~,動詞,～からーを守る
341,affect ~,動詞,～に影響する
342,determine ~,動詞,～を決定する
343,solve ~,動詞,～を解決する
344,contain ~,動詞,～を含んでいる
345,discuss ~,動詞,～を議論する
346,ignore ~,動詞,～を無視する
347,guess ~,動詞,～を推測する
348,exchange - for ~,動詞,ーを～に交換する
349,satisfy ~,動詞,～を満たす
350,complain about,動詞,苦情を言う
351,achieve ~,動詞,～達成する
352,enable - to ~,動詞,～を可能にする
353,intend to,動詞,つもりだ
354,obtain ~,動詞,～を得る
355,divide - into ~,動詞,ーを～に分割する
356,annoy ~,動詞,～をいらだたせる
357,differ from,動詞,異なる
358,educate ~,動詞,～を教育する
359,borrow - from ~,動詞,～を借りる
360,invent ~,動詞,～を発明する
361,promote ~,動詞,～を促進する
362,advise - to ~,動詞,～するようーに忠告する
363,retire from,動詞,辞める
364,permit - to ~,動詞,ーに～することを許す
365,recommend - to ~,動詞,～にーを勧める
366,apologize to - for ~,動詞,ーに～のことで謝る
367,inform - of ~,動詞,ーに～のことを知らせる
368,oppose ~,動詞,～に反対する
369,trust ~,動詞,～を信用する
370,select ~,動詞,～を選ぶ
371,praise - for ~,動詞,～をほめる
372,handle ~,動詞,～に対処する
373,propose ~,動詞,～を提案する
374,breathe ~,動詞,～を呼吸する
375,criticize - for ~,動詞,～のことでーを非難する
376,overcome ~,動詞,～に打ち勝つ
377,possess ~,動詞,～を持っている
378,predict ~,動詞,～を予言する
379,publish ~,動詞,～を出版する
380,floating,動詞,浮かぶ
381,recall ~,動詞,～を思い出す
382,explore ~,動詞,～を探検する
383,pretend to,動詞,ふりをする
384,absorb ~,動詞,～を吸収する
385,resemble ~,動詞,～に似ている
386,tear ~,動詞,～を引き裂く
387,consume ~,動詞,～を消費する
388,compete with - for ~,動詞,～を目指してーと競争する
389,quit Ving,動詞,辞める
390,announce ~,動詞,～を発表する
391,react,動詞,反応する
392,wander,動詞,歩き回る
393,text,動詞,メールを送る
394,generate ~,動詞,～を生み出す
395,score ~,動詞,～を取る
396,government,名詞,政府
397,knowledge,名詞,知識
398,nation,名詞,国
399,effort,名詞,努力
400,period,名詞,時代
401,population,名詞,人口
402,purpose,名詞,目的
403,behavior,名詞,行動
404,lack,名詞,不足
405,skill,名詞,技術
406,quality,名詞,質
407,environment,名詞,環境
408,role,名詞,役割
409,attitude,名詞,態度
410,author,名詞,筆者
411,research,名詞,研究
412,opportunity,名詞,機会
413,source,名詞,源
414,carbon,名詞,炭素
415,shape,名詞,形
416,advantage,名詞,利点
417,method,名詞,方法
418,habit,名詞,習慣
419,detail,名詞,細部
420,distance,名詞,距離
421,crowd,名詞,群衆
422,instance,名詞,例
423,desire,名詞,願望
424,standard,名詞,水準
425,task,名詞,仕事
426,generation,名詞,世代
427,responsibility,名詞,責任
428,experiment,名詞,実験
429,athlete,名詞,運動選手
430,decade,名詞,10年
431,loss,名詞,損失
432,fever,名詞,熱
433,theory,名詞,理論
434,statement,名詞,記述
435,professor,名詞,教授
436,function,名詞,機能
437,surface,名詞,表面
438,envelope,名詞,封筒
439,organization,名詞,組織
440,policy,名詞,政策
441,resource,名詞,資源
442,contrast,名詞,対比
443,flood,名詞,洪水
444,mate,形容詞,連れ合い
445,goods,名詞,商品
446,creature,名詞,動物
447,structure,名詞,構造
448,tradition,名詞,伝統
449,weight,名詞,体重
450,charity,名詞,慈悲
451,citizen,名詞,市民
452,impression,名詞,印象
453,cartoon,名詞,マンガ
454,career,名詞,経歴
455,site,名詞,用地、場所
456,passenger,名詞,乗客
457,violence,名詞,暴力
458,income,名詞,所得
459,temperature,名詞,気温
460,majority,名詞,大多数
461,origin,名詞,起源
462,literature,名詞,文学
463,equipment,名詞,設備
464,stranger,名詞,見知らぬ人
465,strength,名詞,強さ
466,planet,名詞,惑星
467,fiction,名詞,小説
468,religion,名詞,宗教
469,pollution,名詞,汚染
470,wealth,名詞,富
471,document,名詞,文書
472,profit,動詞,もうけ
473,technique,名詞,技術
474,emotion,名詞,感情
475,phenomenon,名詞,現象
476,horror,名詞,恐怖
477,ladder,名詞,はしご
478,billion,名詞,十億
479,status,名詞,地位
480,youth,名詞,若者
481,confidence,名詞,自身
482,edge,名詞,周辺
483,household,名詞,家庭
484,scholar,名詞,学者
485,survey,名詞,調査
486,vocabulary,名詞,語彙
487,enemy,名詞,敵
488,construction,名詞,建設
489,lecture,名詞,講義
490,instruction,名詞,指示
491,crisis,名詞,危機
492,instrument,名詞,道具
493,crop,名詞,作物
494,weapon,名詞,兵器
495,device,名詞,装置
496,path,名詞,道
497,earthquake,名詞,地震
498,stream,名詞,小川
499,notion,名詞,概念
500,yard,名詞,庭
501,victim,名詞,犠牲者
502,fuel,名詞,燃料
503,ancestor,名詞,祖先
504,soil,名詞,土壌
505,debate,名詞,討論
506,crime,名詞,犯罪
507,colleague,名詞,同僚
508,shelf,名詞,棚
509,analysis,名詞,分析
510,universe,名詞,宇宙
511,electricity,名詞,電気
512,insect,名詞,昆虫
513,web,名詞,巣
514,storm,名詞,嵐
515,plenty,形容詞,十分な
516,agriculture,名詞,産業
517,gene,名詞,遺伝子
518,evidence,名詞,証拠
519,consequence,名詞,結果
520,infant,名詞,幼児
521,leisure,名詞,暇
522,cell,名詞,細胞
523,talent,名詞,才能
524,advertising,名詞,広告
525,extent,名詞,程度
526,garbage,名詞,ゴミ
527,general,名詞,一般
528,various,形容詞,さまざまな
529,similar,動詞,似ている
530,complete,形容詞,完全な
531,sharp,形容詞,急激な
532,expensive,形容詞,高価な
533,political,形容詞,政治的な
534,aware,動詞,気づいている
535,ancient,形容詞,古代の
536,medical,名詞,医学の
537,essential,名詞,不可欠だ
538,huge,形容詞,巨大な
539,terrible,形容詞,ひどい
540,practical,形容詞,実用的な
541,entire,名詞,全
542,favorite,形容詞,一番好きな
543,comfortable,形容詞,快適な
544,minor,形容詞,小さい
545,typical,形容詞,古典的な
546,ideal,形容詞,理想的な
547,principal,形容詞,主要な
548,appropriate,形容詞,適切な
549,empty,形容詞,からの
550,rapid,形容詞,急速な
551,mental,形容詞,精神の
552,excellent,形容詞,すばらしい
553,convenient,形容詞,都合がいい
554,potential,形容詞,潜在的な
555,financial,名詞,財政的
556,enormous,形容詞,莫大な
557,rare,形容詞,珍しい
558,artificial,名詞,人口
559,tiny,形容詞,ちっちゃな
560,considerable,形容詞,かなりの
561,sensitive,形容詞,敏感だ
562,intellectual,名詞,知的
563,thirsty,形容詞,のどが渇く
564,polite,形容詞,礼儀正しい
565,accurate,形容詞,正確な
566,rude,形容詞,失礼な
567,sufficient,形容詞,十分な
568,urban,形容詞,都会の
569,temporary,形容詞,一時的な
570,primitive,形容詞,原始的な
571,permanent,名詞,永久
572,elderly,名詞,高齢
573,severe,形容詞,厳しい
574,brief,形容詞,簡潔な
575,mobile,形容詞,流動的な
576,latest,形容詞,最新の
577,military,名詞,軍事的
578,strict,形容詞,厳しい
579,solid,形容詞,固体の
580,stupid,形容詞,ばかな
581,biological,名詞,生物
582,probably,副詞,おそらく
583,hardly,副詞,ほとんど～ない
584,immediately,副詞,すぐに
585,eventually,副詞,ついに
586,frequently,副詞,しばしば
587,extremely,副詞,非常に
588,gradually,副詞,だんだん
589,instantly,副詞,すぐに
590,nevertheless,副詞,それにもかかわらず
591,moreover,副詞,そのうえ
592,relatively,副詞,比較的
593,apparently,副詞,一見
594,definitely,副詞,絶対
595,largely,副詞,主に
596,mostly,副詞,大部分は
597,approximately,副詞,およそ
598,overnight,名詞,一晩
599,accidentally,副詞,偶然
600,despite,前置詞,にもかかわらず
601,proceed,動詞,進む
602,ensure,動詞,～を確実にする
603,interpret,動詞,～を解釈する
604,cease,動詞,Vしなくなる
605,ban,動詞,（公式に）～を禁止する
606,obey,動詞,～に従う
607,eliminate,動詞,＜不要なもの＞を除去する
608,resist,動詞,～に抵抗する
609,accompany,動詞,＜人＞に同伴する
610,commit,動詞,"＜罪など＞を犯す
～を委ねる、委任する
＜本気で＞取り組む"
611,pursue,動詞,～を追求する
612,demonstrate,動詞,"＜証拠などが＞～を明らかに示す
証明する"
613,bet,動詞,きっと～だと思う
614,ruin,動詞,～を台無しにする、破滅させる
615,threaten,動詞,～を脅迫する
616,attach,動詞,AをBにくっつける
617,reverse,動詞,～を反対にする、逆転する
618,restrict,動詞,～を制限する
619,compose,動詞,～を組み立てる
620,lean,動詞,寄りかかる、もたれる
621,substitute,動詞,～を代わりに用いる
622,trace,動詞,～の跡をたどる
623,interrupt,動詞,～を妨げる
624,confront,動詞,"＜障害などが＞＜人＞の前に立ちふさがる
＜人が＞＜障害など＞に立ち向かう"
625,illustrate,動詞,～を（例で）示す
626,arrest,動詞,～を逮捕する
627,stimulate,動詞,～を刺激する
628,assure,動詞,（～を）保証する
629,consult,動詞,"＜専門家・医師など＞に相談する
＜辞書など＞を参照する"
630,depress,動詞,～を憂鬱にさせる
631,crash,動詞,激突する
632,inspire,動詞,＜人＞を奮起させる、やる気にさせる
633,specialize,動詞,Aを専門にする、専攻する
634,cultivate,動詞,"＜植物＞を栽培する
＜感情・能力など＞をはぐくむ"
635,fulfill,動詞,＜約束・夢など＞を果たす
636,transmit,動詞,～を送る、伝える
637,found,動詞,～を創立する、設立する
638,clap,動詞,＜手など＞をたたく
639,burst,動詞,"破裂する
突然～しだす"
640,bow,動詞,お辞儀する
641,dismiss,動詞,"＜考えなど＞を無視する
＜人＞を解雇する、解散させる"
642,breed,動詞,～を繁殖させる、繁殖する
643,prohibit,動詞,＜法・団体が＞～を禁じる
644,oblige,動詞,～に強いる
645,qualify,動詞,Aに適任である
646,invest,動詞,（＜金＞を）投資する
647,grasp,動詞,～を理解する
648,collapse,動詞,崩壊する
649,overlook,動詞,"～を見落とす、見逃す
～を見渡す"
650,accuse,動詞,"～を非難する
～を告訴する"
651,frustrate,動詞,＜人＞を欲求不満にさせる
652,deprive,動詞,AからB（機会・自由・睡眠など）を奪う
653,astonish,動詞,～を驚嘆させる
654,register,動詞,～を登録する
655,correspond,動詞,"一致する
連絡しあう"
656,cast,動詞,～を投げる、＜疑い・目など＞を向ける
657,attribute,動詞,"A（結果）はB（原因）のおかげだと思う
A（性質）がB（人）にあると思う
Aの作品だと考えられる"
658,neglect,動詞,"～を無視する、怠る
＜子供など＞の世話をしない"
659,starve,動詞,飢える
660,resolve,動詞,＜問題など＞を解決する
661,impose,動詞,AをBに課す、押し付ける
662,convert,動詞,～を転換する
663,scare,動詞,～を怯えさせる
664,constitute,動詞,"～を構成する、占める
～である"
665,appoint,動詞,～を任命する
666,imply,動詞,～を（暗に）意味する
667,assign,動詞,＜仕事・物＞を割り当てる
668,nod,動詞,うなずく
669,elect,動詞,"～を選挙で選ぶ
（～すること）を選ぶ"
670,transfer,動詞,～を移す；転勤する
671,rob,動詞,AからBを奪う
672,capture,動詞,～を捕らえる
673,undertake,動詞,"＜仕事など＞を引き受ける
～に取り掛かる、～を始める"
674,drown,動詞,おぼれ死ぬ
675,split,動詞,～を割る；分裂する
676,resort,動詞,A（手段）に訴える
677,descend,動詞,"下る、降りる
（祖先から）伝わる"
678,irritate,動詞,～をいらだたせる
679,pronounce,動詞,＜単語など＞を発音する
680,equip,動詞,～を装備させる
681,cheat,動詞,いかさまする
682,emerge,動詞,＜隠れていたものが＞現れる
683,devote,動詞,～をささげる
684,heal,動詞,＜けがなど＞を治す；治る
685,urge,動詞,～に強く迫る、～を説得する
686,envy,動詞,～をうらやむ
687,chase,動詞,～を追いかける
688,prompt,動詞,～を促す
689,withdraw,動詞,"～を引っ込める
引きこもる、退く
＜預金など＞を引き出す"
690,detect,動詞,"～を探知する
＜誤り、病気など＞を発見する"
691,interfere,動詞,Aを邪魔する
692,kid,動詞,冗談を言う、からかう
693,launch,動詞,"＜ロケットなど＞を打ち上げる
＜事業など＞を始める"
694,endanger,動詞,～を危険にさらす
695,foster,動詞,～を促進する、育成する
696,diminish,動詞,減少する、衰える；～を減らす
697,spill,動詞,～をこぼす
698,infect,動詞,＜人＞に感染する、＜人＞にうつす
699,stem,動詞,Aから生じる、Aに由来する
700,tap,動詞,"～を軽くたたく
～を開発する"
701,embrace,動詞,"＜思想など＞を受け入れる
～を含む"
702,proportion,名詞,比率
703,contract,名詞,契約
704,chest,名詞,"胸
箱"
705,treasure,名詞,財宝
706,stock,名詞,"株（式）
在庫品、貯蔵品"
707,facility,名詞,"①設備、施設
②能力、器用さ"
708,sum,名詞,①金額   ②合計　③要約
709,rank,動詞,地位、階級／（動）位置する、（上位を）占める；〜を評価する、順位をつける
710,democracy,名詞,民主主義、民主制；民主国家
711,emergency,名詞,緊急事態／（形）非常の、救急の
712,protest,動詞,抗議／（動）抗議する
713,immigrant,名詞,（外国からの）移民
714,vehicle,名詞,①車、乗り物　②（伝達）手段、媒体
715,routine,形容詞,決まりきった仕事、日課／（形）決まりきった、型どおりの
716,stuff,動詞,（漠然と）物、こと、材料／（動）〜を詰め込む
717,row,動詞,列、並び／（動）（ボートを）こぐ
718,profile,名詞,プロフィール、人物紹介；横顔
719,dawn,動詞,夜明け；始まり／（動）わかりはじめる；始まる
720,welfare,名詞,福祉、幸福；生活保護
721,perspective,名詞,①見方；正しい見方、大局的な見方　②遠近法
722,enthusiasm,名詞,熱意、情熱、熱中
723,faith,名詞,①信頼　②信仰
724,occupation,名詞,①職業　②占領、占拠
725,witness,動詞,証人、目撃者／（動）〜を目撃する
726,kingdom,名詞,①王国　②（学問などの）世界、領域
727,equivalent,形容詞,"同等のもの、相当するもの（＋of,to）／（形）同等の（＝equal）"
728,objective,形容詞,目的、目標／（形）客観的な
729,pile,動詞,①積み重ね　②（a pile of A / piles of A）たくさんのA／（動）〜を重ねる、〜を積む
730,shelter,動詞,避難(所)、避難する、～を保護する
731,trial,名詞,①試み、試し ②裁判
732,honor,動詞,名誉、光栄、～を尊敬する、～に栄誉を授ける
733,territory,名詞,①領土、なわ張り ②地域、領域
734,frame,動詞,わく、額縁、骨組み、～をわくにはめる、～を組み立てる
735,border,動詞,国境地帯、境界、(～に)接する
736,statistics,名詞,統計(学)、統計の数字
737,enterprise,名詞,企業、事業、企て
738,context,名詞,"①文脈
②(文化・社会的な)状況、背景(=situation)"
739,load,動詞,荷物、積み荷、重荷、負担、(荷など)を積む、詰め込む
740,grain,名詞,①穀物 ②粒、少量
741,review,動詞,"①再検討、入念な調査、批評
②復習、～を批評する、～を復習する"
742,prejudice,名詞,偏見、先入観
743,strain,動詞,負担、重圧、緊張、～に無理な負担をかける、酷使する
744,trap,動詞,わな、計略、閉じ込められる、～をわなにかける
745,temper,名詞,①気性、気分(=mood) ②平静な気分、短気
746,slave,名詞,奴隷
747,wound,動詞,傷、けが、～を傷つける
748,divorce,動詞,離婚(⇔marriage)、～と離婚する、～を切り離す(=separate)
749,tune,動詞,曲、メロディー、(番組に)チャンネルを合わせる、～を調和させる
750,height,名詞,高さ、高地、最盛期、絶頂期
751,faculty,名詞,"①(大学の)学部、教授スタッフ
②(心身の)能力(=ability)"
752,span,名詞,期間、長さ
753,dimension,名詞,"①(問題などの)側面(=aspect)、要素(=factor) 
②次元 ③大きさ、規模"
754,version,名詞,①型、…版 ②翻訳、脚色 ③(ある立場からの)説明、解釈
755,parallel,動詞,類似(物)、匹敵するもの(+to)、類似した、平行の、～に似ている、匹敵する
756,horizon,名詞,①地平線、水平線 ②視野
757,acquaintance,名詞,①知人 ②交際 ③知識
758,burden,動詞,重荷、負担、重圧、(重荷を)～に負わせる
759,basis,名詞,"①基礎、根拠
②方式、やり方(=way, manner)"
760,poison,動詞,毒、毒物、～を毒殺する、～を害する
761,constitution,名詞,①憲法 ②体質、体格
762,administration,名詞,①経営、運営(=management) ②行政、政府、～局
763,charm,動詞,①魅力 ②まじない、お守り、(人)を魅了する
764,organ,名詞,①臓器、(動植物の)器官 ②オルガン
765,prey,動詞,獲物、えじき、(+on A)Aを捕まえて食べる
766,venture,動詞,冒険的事業、冒険、危険を冒して行く、～を思い切ってする
767,mission,名詞,①使命、任務 ②[宇宙]飛行任務 ③布教(団)
768,inquiry,名詞,①調査、探究(+into) ②質問、問い合わせ(=question)
769,award,動詞,賞、賞品、賞金(=prize)、～を授与する
770,strip,動詞,細長い一片、～を裸にする、～から取り除く
771,distress,動詞,苦しみ、悲嘆、苦難、～を苦しめる
772,circulation,名詞,①循環、流通 ②発行部数
773,shade,名詞,①陰、日陰 ②(濃淡の)色合い ③(意味などの)わずかな違い ④(a～)ほんの少し(=a little)
774,stereotype,形容詞,典型的なイメージ、類型、固定観念
775,client,名詞,(弁護士などの)依頼人、(会社・店などの)顧客
776,output,名詞,①生産高 ②出力、アウトプット
777,lord,名詞,①(Lord)神、キリスト ②領主、貴族
778,convention,名詞,①慣習、しきたり ②(大規模な)会議、大会 ③協定
779,mine,代名詞,鉱山、～を掘る
780,craft,動詞,工芸、技術、～を巧みに作る
781,core,名詞,中心、(問題の)核心
782,stroke,動詞,①脳卒中、発作 ②打撃、一撃 ③字画、一筆、～をなでる、さする
783,frontier,名詞,①国境、辺境 ②未開拓の分野、最前線
784,peer,動詞,同僚、仲間、じっと見る
785,vessel,名詞,①血管、管 ②船 ③器
786,disability,名詞,(身体・精神の)障害
787,gravity,名詞,①重力、引力(=gravitation) ②重大さ、重み
788,ethic,名詞,論理(学)、価値観
789,terminal,名詞,①(バスなどの)終点、ターミナル ②(コンピュータなどの)端末、末期の、終わりの、終点の
790,tide,動詞,①潮流、潮の干満 ②傾向、時流
791,abuse,動詞,①虐待 ②(薬などの)乱用、～を虐待する、～を乱用する
792,guilty,形容詞,有罪の(⇔innocent)、罪の意識がある、うしろめたい
793,vital,形容詞,①きわめて重要な、必要な ②活気のある
794,fellow,動詞,仲間の、同僚の、男、やつ
795,contemporary,名詞,①現代の ②同時代の、同時代人
796,annual,名詞,①年に1度の、恒例の ②1年間の
797,accustomed,形容詞,慣れた
798,steady,形容詞,しっかりした、変わらない、一定の
799,dull,形容詞,①(人を)退屈させる(=boring) ②(刃物・色彩・人が)鈍い、頭が悪い
800,keen,形容詞,①熱望して、熱中して ②(刃物などが)鋭い、(感覚・感情が)鋭敏な
801,loose,形容詞,①ゆるい、たるんだ ②解き放たれた、自由の
802,delicate,形容詞,①(問題などが)微妙で難しい、慎重を要する ②繊細な、上品な、か弱い
803,internal,形容詞,①内部の(=interior) ②国内の(=domestic)
804,casual,形容詞,①形式ばらない、気楽な、さりげない ②偶然の、ふとした
805,mature,動詞,成熟した、成熟する、大人になる(=grow)、～を成熟させる
806,concrete,形容詞,具体的な、形のある、コンクリート
807,awful,形容詞,ひどい、いやな(=terrible)、すごく
808,exhausted,形容詞,疲れ切っている(=tired out)
809,overall,形容詞,全面的な、全体的な、全体として、概して
810,tight,動詞,①引き締まった、(服などが)きつい ②厳しい、きつく、堅く
811,prime,名詞,最も重要な、主要な、第一の
812,genuine,形容詞,(関心・愛情などが)真の、本物の(=real)、心からの
813,modest,形容詞,①控えめな、謙虚な(⇔arrogant) ②質素な ③少しの、わずかな
814,intimate,形容詞,親密な、親しい
815,minimum,名詞,最小限の、最低限の、最小限、最低限
816,sophisticated,動詞,①高度な、精巧な ②洗練された、教養のある
817,latter,名詞,後者の、後の、後半の
818,bitter,名詞,①苦い、つらい ②腹を立てた、いまいましい気持ちの
819,peculiar,形容詞,①独特の、固有の ②変な、妙な
820,passive,形容詞,受動的な、消極的な、活発でない
821,ethnic,形容詞,民族的な、民族の
822,noble,形容詞,高貴な、気高い、貴族
823,vain,形容詞,①むだな、むなしい ②虚栄心の強い
824,innocent,形容詞,①無罪の、罪の無い ②無邪気な、うぶな
825,underlying,形容詞,根本的な、基礎となる、裏に潜んだ
826,alien,動詞,①外国(人)の(=foreign) ②異質な、なじみのない(=strange)、外国人(市民権が無い人)、宇宙生物
827,relevant,形容詞,関連のある、適切な
828,inclined,動詞,①Vしたい気がする ②Vする傾向がある
829,awkward,形容詞,①(状況などが)気まずい、やっかいな ②(物が)扱いにくい ③(人・動作が)ぎこちない(=clumsy)
830,brilliant,形容詞,すばらしい、輝かしい、(人・才能などが)極めて優秀な
831,desperate,形容詞,①(人・努力が)必死の ②(事態が)絶望的な
832,refreshing,形容詞,さわやかな、すがすがしい、清新な
833,thrilled,動詞,(人が)とてもうれしい、わくわくしている
834,inner,形容詞,内側の、心の奥の
835,consistent,形容詞,①矛盾のない、一致した(+with) ②一貫した、不変の
836,plain,形容詞,①明白な、わかりやすい ②簡素な、無地の ③平野
837,vivid,形容詞,①鮮やかな、鮮明な ②(描写などが)生き生きした
838,miserable,形容詞,惨めな、不幸な、不十分な
839,substantial,形容詞,①相当な、多大な ②実質的な、重要な
840,fond,形容詞,(be fond of A)Aが好きだ
841,false,形容詞,まちがいの、いつわりの
842,lazy,形容詞,①(やる気がなくて)怠惰な、無精な、なまけもの ②くつろいだ、のんびりした
843,precisely,副詞,正確に、まさに、ちょうど(=exactly)
844,meanwhile,副詞,①その間に ②一方では
845,altogether,名詞,①完全に、まったく ②全部で
846,lately,副詞,最近、近頃
847,barely,副詞,①かろうじて、やっとのことで(=only just) ②ほとんど～ない(=hardly)
848,scarcely,副詞,ほとんど～ない(=hardly)
849,accordingly,副詞,①それ相応に、それに応じて ②したがって(=therefore)
850,deliberately,副詞,①わざと、故意に(=intentionally) ②慎重に
851,beneath,前置詞,"～の下に、下で(=under, below)"
852,whereas,接続詞,～だが一方、～であるのに
853,declare,動詞,①～を宣言する ②～と述べる(+that～)
854,alter,動詞,変える、変わる(=change)
855,arise,動詞,生じる、起こる
856,transform,動詞,～を変える、変形する
857,defeat,動詞,～を打ち負かす(=beat)／敗北、失敗
858,investigate,動詞,調査する、捜査する
859,distinguish,動詞,～を区別する
860,bury,動詞,～を埋葬する、埋める
861,cope,動詞,うまく対処する
862,occur,動詞,起こる、生じる(=happen)
863,accomplish,動詞,～をやりとげる(=carry out)
864,hesitate,動詞,ためらう、躊躇する
865,endure,動詞,耐える、我慢する
866,conclude,動詞,～と結論づける、～を終える
867,guarantee,動詞,～を保証する
868,dominate,動詞,～を支配する
869,confirm,動詞,～を確認する、裏づける
870,greet,動詞,～にあいさつする、～を迎える
871,entertain,動詞,～を楽しませる
872,defend,動詞,～を守る、防御する
873,forbid,動詞,～を禁じる
874,broadcast,動詞,～を放送する
875,sacrifice,動詞,～を犠牲にする
876,punish,動詞,～を罰する
877,glance,動詞,ちらっと見る
878,retain,動詞,～を保持する、保つ
879,calculate,動詞,～を計算する
880,sink,動詞,沈む、沈没する
881,rescue,動詞,～を救助する
882,beg,動詞,～を乞う、頼む
883,define,動詞,～を定義する
884,deceive,動詞,～をだます
885,convey,動詞,～を伝える
886,sustain,動詞,～を支える、維持する
887,purchase,動詞,～を購入する
888,fade,動詞,色あせる、薄れる
889,regulate,動詞,～を規制する、調整する
890,distribute,動詞,～を分配する
891,enhance,動詞,～を高める
892,chat,動詞,おしゃべりする
893,exceed,動詞,～を超える
894,wipe,動詞,～をふく
895,cooperate,動詞,協力する
896,inherit,動詞,～を受け継ぐ
897,unite,動詞,～を団結させる
898,leap,動詞,跳ぶ、跳躍する
899,exaggerate,動詞,～を誇張する
900,conquer,動詞,～を征服する
901,melt,動詞,溶ける／溶かす
902,invade,動詞,～に侵入する、侵略する
903,modify,動詞,～を修正する、変更する
904,scatter,動詞,～をばらまく、散らす
905,undergo,動詞,～を経験する
906,evaluate,動詞,～を評価する
907,bend,動詞,曲げる、身をかがめる
908,derive,動詞,得る、引き出す／由来する
909,scream,動詞,叫ぶ
910,gaze,動詞,見つめる
911,pray,動詞,祈る
912,polish,動詞,～を磨く
913,classify,動詞,～を分類する
914,assert,動詞,～と主張する
915,grab,動詞,～をつかむ
916,fold,動詞,～を折りたたむ
917,sweep,動詞,～を掃く
918,whisper,動詞,ささやく
919,imitate,動詞,～をまねる
920,stare,動詞,じっと見る
921,emphasize,動詞,～を強調する
922,rid,動詞,～を取り除く
923,pour,動詞,～を注ぐ
924,vanish,動詞,消える
925,restore,動詞,～を修復する、回復する
926,deserve,動詞,～に値する、当然だ
927,laboratory,名詞,研究所
928,conference,名詞,会議
929,continent,名詞,大陸
930,insurance,名詞,保険
931,crew,名詞,乗組員
932,poverty,名詞,貧困
933,shortage,名詞,不足
934,affair,名詞,情勢、出来事／(恋愛)関係
935,exception,名詞,例外
936,wage,名詞,賃金
937,wisdom,名詞,知識、知恵
938,tax,名詞,税
939,evolution,名詞,進化
940,barrier,名詞,障害、壁
941,category,名詞,範疇、カテゴリー
942,unit,名詞,単位
943,reputation,名詞,評判
944,virtue,名詞,美徳
945,courage,名詞,勇気
946,sympathy,名詞,同情、共感
947,union,名詞,労働組合、同盟、連邦
948,civilization,名詞,文明
949,volume,名詞,量／(本の)巻
950,blossom,名詞,花、花が咲くこと
951,era,名詞,時代
952,dispute,名詞,論争、紛争
953,tourism,名詞,観光
954,mankind,名詞,人類
955,murder,名詞,殺人
956,landscape,名詞,風景
957,destination,名詞,目的地
958,tale,名詞,おとぎ話、物語
959,reform,名詞,改革
960,muscle,名詞,筋肉
961,prospect,名詞,見通し
962,corporation,名詞,企業、法人
963,colony,名詞,植民地
964,quarrel,名詞,口論
965,profession,名詞,職業
966,aspect,名詞,側面
967,pause,名詞,休止
968,conflict,名詞,衝突、紛争、対立
969,privilege,名詞,特権
970,prosperity,名詞,繁栄
971,genius,名詞,天才
972,seed,名詞,種
973,symptom,名詞,症状
974,merit,名詞,長所、功績
975,layer,名詞,層
976,clue,名詞,手がかり
977,circumstance,名詞,状況
978,district,名詞,地区
979,prison,名詞,刑務所
980,companion,名詞,仲間
981,executive,形容詞,最高経営責任者／幹部、重役
982,justice,名詞,正義
983,procedure,名詞,手続き
984,ray,名詞,光線
985,heaven,名詞,天国
986,luxury,動詞,ぜいたく
987,oxygen,名詞,酸素
988,fund,名詞,資金
989,theme,名詞,主題、テーマ
990,boundary,名詞,境界
991,ambition,名詞,野心、熱望
992,forecast,名詞,予報
993,psychology,名詞,心理学
994,labor,名詞,労働
995,committee,名詞,委員会
996,physician,名詞,医師
997,philosophy,名詞,哲学
998,affection,名詞,愛情
999,candidate,名詞,候補
1000,bomb,名詞,爆弾
1001,priority,名詞,優先事項
1002,obstacle,名詞,障害
1003,appetite,名詞,食欲
1004,tension,名詞,緊張
1005,tribe,名詞,部族
1006,budget,名詞,予算
1007,campaign,名詞,運動
1008,sorrow,名詞,悲しみ
1009,satellite,名詞,衛星（人工衛星）、通信衛星
1010,insight,名詞,洞察、見識、理解（力）
1011,cough,動詞,せき、せきをする
1012,fate,動詞,運命、（悪い）運、破滅
1013,scheme,名詞,計画（=plan）
1014,insult,動詞,侮辱、侮辱する
1015,inhabitants,名詞,住民
1016,fuels,名詞,燃料
1017,motive,名詞,動機
1018,instinct,名詞,本能、直観
1019,legend,名詞,伝説、言い伝え
1020,Empire,名詞,帝国
1021,suburbs,名詞,郊外
1022,architecture,名詞,建築様式
1023,passion,名詞,情熱
1024,cancer,名詞,がん
1025,logic,名詞,論理学
1026,dozen,名詞,12個、1ダース
1027,harvest,名詞,収穫
1028,ingredients,名詞,材料、構成要素、成分
1029,hypothesis,名詞,仮説、仮定
1030,voyage,名詞,航海、（長い）旅
1031,editor,名詞,編集者、編集長
1032,option,名詞,選択肢
1033,hemisphere,名詞,半球
1034,mechanism,名詞,仕組み、機構、装置
1035,Anthropologists,名詞,人類学者
1036,tragedy,名詞,悲劇
1037,antibiotics,名詞,抗生物質
1038,fare,名詞,運賃
1039,debt,名詞,借金、恩、借り
1040,curriculum,名詞,教育課程
1041,components,名詞,構成要素、部品、成分
1042,wheat,名詞,小麦
1043,usage,名詞,語法、使用（法）
1044,castle,名詞,城
1045,famine,名詞,飢饉
1046,extinction,名詞,絶滅
1047,purse,名詞,財布、ハンドバッグ
1048,folk,名詞,人々、国民
1049,explosion,名詞,爆発
1050,portion,名詞,部分
1051,organisms,名詞,生物、生体（有機体）
1052,Merchant,名詞,商人
1053,myths,名詞,神話
1054,incidents,名詞,出来事、事件
1055,wildlife,名詞,野生生物
1056,Congress,名詞,（合衆国などの）国会
1057,Bay,名詞,湾
1058,penalty,名詞,刑罰、罰金
1059,heritage,名詞,遺産、文化遺産、伝統
1060,diversity,名詞,多様性
1061,thumb,名詞,親指
1062,geography,名詞,地理
1063,factor,名詞,要因、要素
1064,discrimination,名詞,差別
1065,virus,名詞,ウイルス
1066,Statue,名詞,像、彫像
1067,priest,名詞,司祭、牧師、聖職者
1068,pioneer,動詞,先駆者、開拓者／～を開拓する
1069,traits,名詞,特徴
1070,bonds,形容詞,きずな
1071,grocery,名詞,食料品
1072,secretary,名詞,秘書
1073,dialect,名詞,方言
1074,astronomy,名詞,天文学
1075,youngsters,名詞,子供たち、若者たち
1076,substance,名詞,物質
1077,findings,名詞,発見
1078,strategy,名詞,戦略、作戦、計画
1079,lungs,名詞,肺
1080,opponent,名詞,相手、対抗者
1081,ritual,名詞,儀式
1082,outcome,名詞,結果、成果
1083,conservation,名詞,（環境などの）保護、保存／（資源などの）節約
1084,mammals,名詞,哺乳類
1085,telescope,名詞,望遠鏡
1086,refugee,名詞,難民、亡命者
1087,code,名詞,規則、記号、暗号
1088,flavor,名詞,風味
1089,particles,名詞,粒子、微粒子
1090,nursing,名詞,看護
1091,suicide,名詞,自殺
1092,habitat,名詞,生息地
1093,bullying,名詞,いじめ
1094,Dinosaurs,名詞,恐竜
1095,Council,名詞,議会、評議会
1096,gender,名詞,性別
1097,surgery,名詞,外科手術
1098,innovation,名詞,革新、技術革新
1099,protein,名詞,タンパク質
1100,nutrition,名詞,栄養
1101,disaster,名詞,災害、惨事
1102,emissions,名詞,排出
1103,apes,名詞,類人猿
1104,molecule,名詞,分子
1105,sweat,名詞,汗
1106,transplant,名詞,移植
1107,species,名詞,（生物の）種
1108,tip,名詞,先端、先
1109,cattle,名詞,牛（集合的）
1110,density,名詞,密度
1111,concept,名詞,概念
1112,pale,形容詞,青白い、青ざめた／（色が）淡い
1113,precious,形容詞,貴重な、高価な
1114,loyal,形容詞,忠実な、誠実な
1115,isolated,形容詞,孤立した
1116,generous,形容詞,気前のよい、寛大な、たっぷりした
1117,tropical,形容詞,熱帯の
1118,reluctant,形容詞,気が進まない、不本意な
1119,vague,形容詞,漠然とした、はっきりしない
1120,vast,形容詞,広大な、莫大な
1121,numerous,形容詞,たくさんの
1122,rural,形容詞,田舎の
1123,widespread,形容詞,広く行き渡った
1124,complicated,形容詞,複雑な
1125,visible,形容詞,目に見える
1126,raw,形容詞,生の、加工されていない
1127,remote,形容詞,へんぴな、遠い
1128,urgent,形容詞,緊急の
1129,silly,形容詞,ばかな
1130,striking,形容詞,いちじるしい
1131,adequate,形容詞,十分な、適切な
1132,extraordinary,形容詞,並外れた、異常な
1133,odd,形容詞,奇妙な、おかしな
1134,abstract,形容詞,抽象的な
1135,mutual,形容詞,相互の、共通の
1136,excessive,形容詞,過度の、過剰な
1137,ashamed,形容詞,恥ずかしい
1138,tremendous,形容詞,とてつもない、巨大な
1139,inevitable,形容詞,避けられない、必然的な
1140,pure,形容詞,純粋な
1141,stable,形容詞,安定した
1142,indifferent,形容詞,無関心だ
1143,aggressive,形容詞,攻撃的な、積極的な
1144,ultimate,形容詞,究極の、最終の
1145,shy,形容詞,内気な、恥ずかしがりな
1146,solar,形容詞,太陽の
1147,profound,形容詞,深い、重大な
1148,subtle,形容詞,微妙な
1149,Conservative,形容詞,保守的な、控えめな
1150,brave,形容詞,勇敢な
1151,intense,形容詞,強烈な、激しい
1152,alcoholic,名詞,アルコール（性）の／アルコール依存症患者
1153,manual,名詞,手を使う（手動の）／手引書
1154,cruel,形容詞,残酷な
1155,rational,形容詞,理性的な、合理的な
1156,initial,名詞,最初の、初期の
1157,immune,形容詞,免疫の
1158,linguistic,形容詞,言語の
1159,crucial,形容詞,重大な、決定的な（=essential）
1160,verbal,形容詞,言葉による（言語の・口頭の）
1161,optimistic,形容詞,楽観的な
1162,flexible,形容詞,柔軟な／変更可能な
1163,grateful,形容詞,感謝している
1164,lively,形容詞,生き生きとした／元気な
1165,overwhelming,形容詞,圧倒的な
1166,abundant,形容詞,豊富な（+in）
1167,selfish,形容詞,利己的な
1168,ugly,形容詞,みにくい／不快な
1169,racial,形容詞,人種の／民族の
1170,prominent,形容詞,有名な／目立った／卓越した
1171,controversial,動詞,論争を呼ぶ／意見が対立する
1172,federal,名詞,連邦の
1173,ridiculous,形容詞,ばかげた
1174,imaginary,形容詞,架空の／想像上の
1175,harsh,形容詞,厳しい／無慈悲な
1176,random,形容詞,無作為な／でたらめの、手当たり次第の
1177,adolescent,名詞,思春期の／（10代の）若者
1178,up-to-date,形容詞,最新の／流行の
1179,liberal,名詞,自由主義の
1180,prior,名詞,（Aより）前の
1181,moderate,形容詞,適度な／節度ある、控えめな
1182,fluent,形容詞,流ちょうな（Aをすらすら話せる）
1183,elaborate,形容詞,手の込んだ／複雑な
1184,incredible,形容詞,信じられない／途方もない
1185,radical,形容詞,根本的な／過激な
1186,acid,形容詞,酸の／酸性の；酸
1187,deaf,形容詞,耳の聞こえない、耳が不自由な
1188,medieval,形容詞,中世の
1189,ecological,形容詞,自然環境の／生態系の
1190,slight,形容詞,わずかな
1191,ignorant,形容詞,無知な／（事実などを）知らない
1192,cognitive,形容詞,認知の
1193,absolutely,副詞,絶対に／全く
1194,virtually,副詞,ほとんど／事実上
1195,somewhat,副詞,多少／いくぶん
1196,merely,副詞,単に／ほんの
1197,literally,副詞,文字通り（に）
1198,seemingly,副詞,一見（すると）
1199,regardless,形容詞,～に関係なく（+of）
1200,thoroughly,副詞,徹底的に／完全に
1201,submit,動詞,"①(+to A) Aに服従する
②(案・書類など)を提出する(=hand in)"
1202,tempt,動詞,～を誘惑する；～する気にさせる
1203,resign,動詞,(～を)辞職する、やめる
1204,conform,動詞,(規則・慣習などに)従う、合わせる(+to)
1205,confine,動詞,～を限定する(=limit)、閉じ込める、縛りつける
1206,assemble,動詞,①～を組み立てる ②～を集める；集まる
1207,dedicate,動詞,(+A to B) AをBにささげる、費やす(=devote)
1208,advocate,名詞,(主義など)を主張する、唱える、支持する／主張する人
1209,thrive,動詞,"繁栄する(=prosper, flourish)；よく成長する"
1210,provoke,動詞,①(人の反応など)を引き起こす ②～を怒らせる
1211,dictate,動詞,①～を命じる、要求する、決定する ②(文)を書き取らせる、口述する
1212,exploit,動詞,①(資源など)を利用する、開発する(=develop) ②(人)を搾取する
1213,surrender,動詞,①降伏する(+to) ②～を引き渡す
1214,reproduce,動詞,①(音・場面など)を再生する、複製する(=copy) ②繁殖する；(子)を繁殖させる
1215,acknowledge,動詞,(事実・過失・重要性など)を認める(=admit)
1216,swell,動詞,①ふくらむ、はれる ②増加する
1217,shed,動詞,①(葉など)を落とす、(皮など)を脱ぐ ②(血・涙など)を流す
1218,wind,動詞,曲がる；～を巻く
1219,cite,動詞,～を引き合いに出す、引用する
1220,digest,動詞,①～を消化する ②(情報など)をよく理解する
1221,skip,動詞,①～をとばす、抜かす；(～を)とばし読みする ②(～を)軽く跳ぶ、スキップする
1222,bind,動詞,①～を縛る、束縛する ②～を束ねる、団結させる
1223,dissolve,動詞,①(～を)溶解する ②(解散・解消して)なくなる
1224,implement,動詞,～を実行する、実施する(=carry out)
1225,steer,動詞,(船・車など)を操縦する；～を導く
1226,congratulate,動詞,(人)を祝福する、(人)におめでとうと言う
1227,designate,動詞,～を指定する(+as)、明示する
1228,violate,動詞,①(法律・約束など)を破る、～に違反する ②～を侵害する、乱す
1229,presume,動詞,～と推定する、思う
1230,recruit,動詞,(新人など)を入れる／新人、新入生
1231,coincide,動詞,同時に起こる、重なる；(考えなどが)一致する(+with)
1232,enforce,動詞,①(法律など)を施行する ②～を強制する(=force)
1233,displace,動詞,①(災害などが)(人)を故郷から追い出す ②～にとって代わる
1234,shrink,動詞,①縮む、～を縮ませる ②(量などが)減る ③しり込みする
1235,betray,動詞,①～を裏切る ②(秘密など)をもらす；～をうっかり表す
1236,comprise,動詞,①～から構成される、～をふくむ ②～を構成する；(割合)を占める
1237,indulge,動詞,①(+in A) A(快楽など)にふける、Aを楽しむ ②(人)を甘やかす
1238,penetrate,動詞,①(～に)入り込む；貫通する ②～に浸透する、しみ込む
1239,devastate,動詞,①～を壊滅させる、破壊する(=destroy) ②(人)を打ちのめす、(人)に衝撃を与える
1240,plunge,動詞,①(+into A) Aに突っ込む、A(状態)におちいる ②(+A into B) AをBに突っ込む、AをB(状態)におとしいれる
1241,bounce,動詞,はね返る、反射する、はずむ；～をはね返らせる
1242,contradict,動詞,①～と矛盾する、食い違う ②(主張など)に反論する、～を否定する
1243,prescribe,動詞,①(薬)を処方する ②(行為など)を指示する
1244,oppress,動詞,～をしいたげる、～を圧迫する
1245,cherish,動詞,①(思い出・希望など)を胸に抱く ②～を大切にする
1246,illuminate,動詞,①～を照らす ②(事実など)を解明する(=clarify)
1247,trigger,動詞,～のきっかけになる、～を誘発する
1248,commute,動詞,通勤[通学]する
1249,induce,動詞,①～を誘う、引き起こす(=cause) ②(+A to V) AをVする気にさせる、説得する(=persuade)
1250,utilize,動詞,～を利用する、活用する(=make use of)
1251,snap,動詞,①ポキンと折れる；～をポキンと折る；～をパチンと鳴らす ②素早く動く ③ビシャリと言う
1252,donate,動詞,～を提供する
1253,hatch,動詞,(卵・ヒナ)をかえす；かえる
1254,enclose,動詞,①～を囲む；～を閉じこめる ②～を同封する
1255,prevail,動詞,①普及している、広まる ②勝つ、まさる
1256,sigh,動詞,ため息をつく；～とため息まじりに言う
1257,leak,動詞,漏れる／～を漏らす
1258,compel,動詞,"(人)に強制する(=force, oblige)"
1259,crush,動詞,～を押しつぶす；つぶれる；～を鎮圧する
1260,comprehend,動詞,"～を理解する(=understand, grasp)"
1261,negotiate,動詞,①交渉する ②～を取り決める
1262,persist,動詞,①持続する、残る ②(+in A) Aを辛抱強く続ける
1263,multiply,動詞,①～を増やす、増える(=increase) ②A(数)にB(数)を掛ける(+A by B) ③(動・植物が)繁殖する
1264,conceive,動詞,①(～を)想像する、思いつく、考える ②妊娠する
1265,compensate,動詞,埋め合わせる、(損失などを)補償する
1266,suspend,動詞,①～を中止する、停止する ②～をつるす、ぶら下げる
1267,stir,動詞,(感情など)をかきたてる；～をかき回す、かき混ぜる
1268,soak,動詞,①～を浸す、びしょぬれにする ②(+A up) Aを吸収する
1269,refine,動詞,①～を洗練する、磨きをかける ②(石油など)を精製する
1270,arouse,動詞,(感情)を刺激する、かきたてる；(人)を興奮させる
1271,precede,動詞,～に先行する、(時間的に)先立つ
1272,render,動詞,①OをCにする、変える(+O C) ②AにBを与える(+A B)
1273,mount,動詞,①～をすえつける ②(馬・自転車など)に乗る ③増える(=increase)
1274,retreat,動詞,退く、引きこもる
1275,startle,動詞,～を驚かせる、びっくりさせる
1276,dare,助動詞,(+to) V Vする勇気がある；あえてVする
1277,sphere,名詞,①領域、範囲(=area) ②球体
1278,sequence,名詞,①連続(するもの) ②順序、順番(=order) ③場面
1279,deposit,名詞,①預金；頭金 ②堆積物、鉱床／～を置く、預ける
1280,poll,動詞,①世論調査 ②投票／(人々の)世論調査をする
1281,caution,動詞,①用心、慎重 ②警告／～に警告する
1282,rage,動詞,激怒、怒り／(病気などが)猛威を振るう、荒れ狂う
1283,formula,名詞,①式、公式 ②方法、秘けつ、解決策 ③決まり文句
1284,plot,動詞,①(小説・演劇などの)筋 ②陰謀、たくらみ ③(土地の)区画／(悪事)をたくらむ、～を秘かに企てる
1285,scope,名詞,①範囲(=area) ②(活動の)機会、余地(=room)
1286,norm,名詞,①(ある社会の)規範、行動基準 ②普通のこと、ありふれたこと
1287,disgust,動詞,嫌悪、反感、むかつき／～に嫌悪を抱かせる
1288,compromise,動詞,妥協／妥協する；(信用など)を汚す
1289,supervisor,名詞,監督者、管理者
1290,paradox,名詞,逆説、パラドックス；矛盾して見えるもの
1291,tissue,名詞,①(動植物の細胞の)組織 ②ティッシュペーパー
1292,breakdown,名詞,(組織・関係などの)崩壊、決裂；(心身の)衰弱；(機械の)機能停止
1293,initiative,名詞,①(新)構想、計画、戦略 ②主導権 ③自発性・独創性
1294,fabric,名詞,①織物、布 ②組織、構造(=structure)
1295,publicity,名詞,①宣伝、広告 ②評判、知名度
1296,summit,名詞,"①頂上、頂点(=peak, top) ②首脳会議"
1297,flock,動詞,(鳥・羊などの)群れ／群がる、集まる
1298,plague,名詞,疫病、伝染病；災害／～を苦しめる、悩ます
1299,haste,名詞,急ぐこと(=hurry)
1300,nap,動詞,うたた寝、居眠り／うたた寝する、居眠りする
1301,ally,名詞,同盟国、協力者
1302,draft,動詞,①下書き、草稿 ②(徴兵)／～を下書きする
1303,spectacle,名詞,①光景、情景 ②見せ物、スペクタクル
1304,premise,動詞,①前提 ②(～s)敷地、建物
1305,asset,名詞,①財産、資産；重要な物[人] ②長所、とりえ
1306,lag,動詞,遅れ、遅延／(他のものより)遅れる
1307,therapy,名詞,療法、治療法
1308,reception,名詞,①もてなし、歓迎(会) ②(ホテルの)フロント、受付
1309,compound,形容詞,化合物、複合体／複合的な、複雑な／(問題)を込み入らせる
1310,blessing,名詞,ありがたいもの、恵み；祝福
1311,sensation,名詞,①感覚、感じ ②大事件、大評判、センセーション
1312,recession,名詞,不景気、不況
1313,pole,名詞,①棒、さお ②（天体の）極、北極、南極
1314,outlook,名詞,①考え方、態度 ②見通し、見込み
1315,endeavor,名詞,活動、企て、努力
1316,mercy,名詞,慈悲、情け；幸運
1317,counterpart,名詞,（A’s ～）Aに相当するもの
1318,session,名詞,①（ある活動の）期間、（訓練・議会などの）会期 ②討論、会議
1319,spectrum,名詞,①（the/a～ of A）A（意見・気分など）の変動範囲、領域 ②（光の）スペクトル
1320,junk,名詞,くず、がらくた
1321,worship,名詞,崇拝、礼拝
1322,apt,形容詞,①（be apt to V）Vしがちである、Vする傾向がある ②適切な
1323,humble,形容詞,①謙虚な；卑下した ②粗末な、卑しい
1324,entitled,動詞,①（be entitled to A）Aを得る［する］権利がある ②～と題された
1325,valid,動詞,①妥当な、正当な ②（切符・文書などが）有効な、効力がある
1326,faint,動詞,かすかな／気絶する
1327,stiff,形容詞,①堅い、（筋肉などが）凝った ②堅苦しい ③（競争などが）厳しい
1328,obscure,形容詞,①わかりにくい、はっきりしない ②無名の
1329,fierce,形容詞,①（競争・反対・嵐などが）激しい ②どう猛な
1330,acute,形容詞,①（問題が）深刻な ②（感覚・痛みが）鋭い ③（症状が）急性の
1331,idle,形容詞,①（仕事がなくて）何もしていない ②なまけものの ③無意味な
1332,crude,形容詞,①粗末な、荒けずりの ②粗野な、下品な ③未加工の
1333,jealous,形容詞,嫉妬深い；うらやましい
1334,pregnant,形容詞,妊娠している
1335,liable,形容詞,①（be liable to V）Vしがちである、可能性が高い ②（+to A）（病気などに）かかりやすい、受けやすい ③（+for A）（法律上）責任がある
1336,stubborn,動詞,頑固な、断固たる；変えにくい
1337,decent,形容詞,（世間から見て）まともな、ちゃんとした（=respectable）；かなり良い
1338,marvelous,形容詞,驚くべき、不思議な；すばらしい
1339,misleading,形容詞,誤解を招く、まぎらわしい
1340,synthetic,形容詞,合成の、人工的な
1341,classical,名詞,①（音楽が）クラシックの ②ギリシャ・ローマの；古典的な
1342,Muslim,名詞,イスラム教の／イスラム教徒、回教徒
1343,anticipate,動詞,予想する
1344,rub,動詞,こする、摩擦する
1345,dispose,動詞,処分する
1346,refrain,動詞,控える、慎む
1347,accumulate,動詞,蓄積する
1348,boost,動詞,高める、活気づける
1349,drag,動詞,引きずる
1350,revise,動詞,修正する、改訂する
1351,scratch,動詞,かく、ひっかく
1352,roar,動詞,ほえる
1353,quote,動詞,引用する
1354,bloom,動詞,咲く
1355,insert,動詞,差し込む、挿入する
1356,await,動詞,待つ
1357,dread,動詞,恐れる
1358,conceal,動詞,隠す
1359,enrich,動詞,豊かにする、向上させる
1360,cling,動詞,固執する、くっつく
1361,surpass,動詞,まさる、越える
1362,suppress,動詞,抑える、抑圧する
1363,portray,動詞,描写する
1364,soar,動詞,急上昇する、舞い上がる
1365,drain,動詞,排出する、流出する
1366,glow,動詞,ほのかに光る
1367,migrate,動詞,移住する
1368,exclaim,動詞,叫ぶ
1369,exert,動詞,（力などを）行使する、及ぼす
1370,disguise,動詞,隠す、偽る、変装する
1371,accelerate,動詞,加速する、速める
1372,dwell,動詞,住む
1373,integrate,動詞,統合する、溶け込ませる
1374,weep,動詞,泣く
1375,reassure,動詞,安心させる
1376,crawl,動詞,はう、はって進む
1377,restrain,動詞,抑制する
1378,resent,動詞,憤慨する
1379,yell,動詞,大声で叫ぶ
1380,assess,動詞,評価する
1381,carve,動詞,彫る
1382,halt,動詞,止める
1383,inspect,動詞,検査する、点検する
1384,tackle,動詞,取り組む
1385,omit,動詞,省く
1386,chew,動詞,かむ
1387,resume,動詞,再開する
1388,mold,動詞,型で作る、形成する
1389,accommodate,動詞,収容する
1390,erase,動詞,消す、消去する
1391,infer,動詞,推量する、推論する
1392,revive,動詞,復活させる、復活する
1393,contemplate,動詞,熟考する、考える
1394,rotate,動詞,回転する
1395,disrupt,動詞,かき乱す、中断させる
1396,navigate,動詞,航行する、進路を決める
1397,ache,動詞,痛む
1398,discard,動詞,捨てる、放棄する
1399,incorporate,動詞,取り入れる
1400,overtake,動詞,追い越す
1401,supplement,動詞,補う
1402,manipulate,動詞,操作する、巧みに扱う
1403,nourish,動詞,養う、栄養を与える
1404,squeeze,動詞,しぼる
1405,depict,動詞,描写する
1406,distract,動詞,注意をそらす
1407,disclose,動詞,暴露する、公表する
1408,enroll,動詞,入学する、加入する
1409,nurture,動詞,育てる
1410,speculate,動詞,推測する
1411,prolong,動詞,延ばす、延長する
1412,execute,動詞,遂行する、処刑する
1413,uncover,動詞,明らかにする
1414,tremble,動詞,震える
1415,seize,動詞,つかむ
1416,abolish,動詞,廃止する
1417,scold,動詞,叱る
1418,attain,動詞,達成する
1419,utter,動詞,発する、述べる
1420,flee,動詞,逃げる
1421,avoid,動詞,避ける
1422,confess,動詞,告白する
1423,postpone,動詞,延期する
1424,drift,動詞,漂う
1425,weave,動詞,織る
1426,install,動詞,設置する
1427,twist,動詞,ねじる、曲げる
1428,extract,動詞,取り出す、抽出する
1429,bump,動詞,ぶつかる
1430,despise,動詞,軽蔑する
1431,tolerate,動詞,我慢する、耐える
1432,boast,動詞,自慢する
1433,flourish,動詞,繁栄する
1434,disregard,動詞,無視する
1435,tease,動詞,からかう
1436,reinforce,動詞,強化する、補強する
1437,strive,動詞,努力する
1438,coordinate,動詞,調整する、合わせる
1439,yawn,動詞,あくびをする
1440,hug,動詞,抱きしめる
1441,combat,動詞,戦う
1442,knit,動詞,編む
1443,fatigue,名詞,精神疲労
1444,fame,名詞,評判
1445,mess,名詞,混乱
1446,dignity,名詞,威厳、気品
1447,Canal,名詞,パナマ運河
1448,drought,動詞,干ばつ
1449,despair,名詞,絶望
1450,interval,名詞,間隔、へだたり
1451,luggage,名詞,荷物
1452,behalf,副詞,（on behalf of ～）～を代表して／～のために
1453,impulse,名詞,衝動、欲求
1454,debris,名詞,がれき、ごみ
1455,Beast,名詞,野獣
1456,superstition,名詞,迷信
1457,illusion,名詞,幻想
1458,thread,名詞,糸
1459,intake,名詞,摂取量
1460,feast,名詞,祝祭、宴会
1461,transition,名詞,推移、変化
1462,misery,名詞,みじめさ、不幸
1463,radiation,名詞,放射線；（光・熱などの）放射、発散
1464,cabin,名詞,丸太小屋
1465,consensus,名詞,合意
1466,deed,名詞,行い、行為
1467,proverb,名詞,ことわざ
1468,compliment,名詞,ほめ言葉
1469,flame,名詞,炎
1470,anniversary,名詞,記念日
1471,conscience,名詞,良心
1472,expedition,名詞,遠征、探検隊
1473,offspring,名詞,子孫
1474,allowance,名詞,手当金、仕送り、許容量
1475,headline,動詞,（新聞の）大見出し、主なニュース項目
1476,treaty,名詞,条約（平和条約など）
1477,monument,名詞,記念碑；遺跡、史跡
1478,worm,名詞,虫（ミミズ、イモムシなど）
1479,remedy,名詞,治療法；薬；改善策
1480,encyclopedia,名詞,百科事典
1481,glimpse,名詞,ちらりと見ること
1482,personnel,名詞,職員；人事
1483,triumph,名詞,勝利；大成功
1484,arithmetic,名詞,算数
1485,self-esteem,名詞,自尊心
1486,microbes,名詞,微生物
1487,odds,名詞,勝ち目、賭け率
1488,chaos,名詞,混沌、無秩序
1489,destiny,名詞,運命
1490,diameter,名詞,直径
1491,lottery,名詞,宝くじ
1492,souvenir,名詞,記念品、みやげ
1493,trail,名詞,小道；通った跡
1494,ratio,名詞,比率
1495,sword,名詞,剣
1496,whistle,名詞,笛
1497,sentiment,名詞,世論；意見、感情
1498,chores,名詞,日課、家事
1499,courtesy,名詞,礼儀、儀礼
1500,mayor,名詞,市長
1501,surveillance,名詞,監視
1502,trash,名詞,ごみ、がらくた
1503,prestige,名詞,威信、信望（名声）
1504,headquarters,名詞,本部、司令部
1505,wilderness,名詞,荒野、未開の地
1506,orbit,名詞,軌道
1507,bias,動詞,偏見、偏り
1508,Republic,名詞,共和国
1509,bargain,名詞,掘り出し物、値引き品
1510,domain,名詞,領域
1511,fragment,名詞,破片、断片
1512,Galaxy,名詞,銀河（系）
1513,lap,名詞,ひざの上
1514,deadline,名詞,締め切り
1515,bullet,名詞,弾丸
1516,pedestrians,名詞,歩行者
1517,wit,名詞,機知
1518,nuisance,名詞,迷惑
1519,criteria,名詞,基準、尺度
1520,hardship,名詞,苦難
1521,glory,名詞,栄光；すばらしさ
1522,pavement,名詞,歩道
1523,Navy,名詞,海軍
1524,script,名詞,台本；筆跡、文字
1525,pension,名詞,年金
1526,province,名詞,州；地方
1527,surplus,名詞,余剰
1528,moisture,名詞,湿気、水分
1529,patch,名詞,（革などの）当て布；部分
1530,altitude,名詞,高度
1531,thermometer,名詞,温度計
1532,tuition,名詞,授業料
1533,troops,名詞,軍隊
1534,primates,名詞,霊長類
1535,flaws,名詞,欠陥、不備、欠点
1536,nephew,名詞,甥
1537,garment,名詞,衣服
1538,diagnosis,名詞,診断；（病気・問題の）分析
1539,commerce,名詞,商業；貿易、商取引
1540,antiquity,名詞,古代
1541,fraction,名詞,一部；少量；分数
1542,irony,名詞,皮肉；奇妙な事実
1543,nightmare,名詞,悪夢
1544,defect,名詞,欠陥；障害
1545,certificate,名詞,証明書；免許状
1546,decay,名詞,腐敗；衰退
1547,erosion,名詞,侵食
1548,recipe,名詞,レシピ；調理法
1549,skeleton,名詞,骨格；骸骨
1550,grace,名詞,優雅さ；気品
1551,landmarks,名詞,名所；目印
1552,dementia,名詞,認知症
1553,flesh,名詞,肉；肌
1554,collision,名詞,衝突
1555,hazard,名詞,危険要因、危険なもの
1556,tomb,名詞,墓
1557,injections,名詞,注射
1558,breakthrough,名詞,飛躍的進歩、急進展
1559,leather,名詞,革（革製の）
1560,jewelry,名詞,宝石類
1561,cues,名詞,合図（手がかり）
1562,ambulance,名詞,救急車
1563,estate,名詞,所有地、財産
1564,commodity,名詞,商品
1565,departure,名詞,出発；逸脱、離反
1566,phase,名詞,段階；時期
1567,thief,名詞,泥棒
1568,Saint,名詞,聖人、聖者
1569,sculpture,名詞,彫刻
1570,grief,名詞,悲しみ
1571,lane,名詞,車線；小道
1572,predators,名詞,捕食動物（肉食動物）
1573,fluids,名詞,流体
1574,incentive,名詞,動機（はげみ、刺激）
1575,bride,名詞,花嫁
1576,intervention,名詞,介入；干渉
1577,margin,名詞,差；余白；ふち
1578,biography,名詞,伝記
1579,consent,名詞,同意；承諾
1580,volcano,名詞,火山
1581,rebels,名詞,反逆者たち
1582,metaphor,名詞,比喩、隠喩
1583,legislation,名詞,法律；立法
1584,lightning,名詞,稲妻
1585,pesticides,名詞,殺虫剤（除草剤）
1586,column,名詞,コラム；円柱；（縦の）列
1587,rumor,名詞,うわさ
1588,dust,動詞,ほこり
1589,dialogue,名詞,対話
1590,kindergarten,名詞,幼稚園
1591,diabetes,名詞,糖尿病
1592,obesity,名詞,肥満
1593,patent,名詞,特許
1594,chapter,名詞,章
1595,Palace,名詞,宮殿
1596,laundry,名詞,洗濯
1597,ward,名詞,病棟；（行政の）区
1598,outbreak,名詞,ぼっ発；発生
1599,equation,名詞,方程式；等式
1600,archaeologist,名詞,考古学者
1601,corruption,名詞,腐敗；堕落
1602,germs,名詞,細菌；病原体
1603,revenue,名詞,収入
1604,spouse,名詞,配偶者（夫、妻）
1605,epidemic,名詞,流行；伝染病
1606,mortality,名詞,死亡率；死亡者数
1607,syndrome,名詞,症候群
1608,retail,動詞,小売り（小売りの値段）
1609,dose,名詞,（1回分の）服用量
1610,beverages,名詞,飲料（アルコール飲料）
1611,metabolism,名詞,代謝
1612,hybrid,名詞,交配種；雑種
1613,scent,形容詞,香り、におい
1614,inflammation,名詞,炎症
1615,pills,名詞,錠剤（睡眠薬など）
1616,grave,形容詞,重大な、深刻な（=serious）
1617,fertile,形容詞,肥沃な、多産な
1618,hostile,動詞,敵意のある
1619,indispensable,形容詞,不可欠な（欠かせない）
1620,oriented,形容詞,（Aに）関心がある／A志向の
1621,splendid,形容詞,壮麗な、すばらしい
1622,competent,形容詞,有能な（=skillful）
1623,supreme,形容詞,最高の
1624,straightforward,形容詞,わかりやすい、率直な
1625,sacred,形容詞,神聖な（=holy）
1626,bold,形容詞,"大胆な（=brave, daring）"
1627,uneasy,形容詞,不安な、落ち着かない
1628,neat,形容詞,きちんとした、こぎれいな
1629,shallow,形容詞,浅い／浅はかな
1630,fake,動詞,にせの
1631,superficial,形容詞,表面的な、うわべの（浅薄な）
1632,absurd,形容詞,ばかげた（=foolish）
1633,fragile,形容詞,もろい、壊れやすい
1634,respectable,形容詞,立派な、（品があって）下品でない
1635,magnificent,形容詞,立派な、すばらしい
1636,infinite,形容詞,無限の
1637,comprehensive,形容詞,総合的な、広範囲の
1638,steep,形容詞,急な
1639,gross,形容詞,総計の／（誤りなどが）ひどい
1640,subsequent,形容詞,（時間的に）後の、次の（=following）
1641,sincere,形容詞,誠実な
1642,toxic,形容詞,有毒な（=poisonous）
1643,neutral,形容詞,中立の、公平な
1644,diligent,形容詞,勤勉な
1645,sore,形容詞,（のどなどが）痛い
1646,contaminated,形容詞,汚染された（=polluted）
1647,ambiguous,形容詞,あいまいな、多義的な
1648,oral,名詞,口述の（⇔written）
1649,restless,形容詞,落ち着かない、そわそわした、不安な
1650,rotten,形容詞,腐った
1651,vigorous,形容詞,精力的な、元気はつらつな
1652,immense,形容詞,莫大な、計り知れない
1653,metropolitan,名詞,大都市の／大都市圏の
1654,punctual,形容詞,時間を守る
1655,solitary,形容詞,孤独な（=lonely）
1656,collective,形容詞,集団の、集合的な
1657,diplomatic,形容詞,外交的な
1658,nasty,形容詞,不快な、意地の悪い（=unpleasant）
1659,helpless,形容詞,無力な
1660,explicit,形容詞,露骨な、はっきりとした
1661,bankrupt,動詞,破産した
1662,eternal,形容詞,永遠の（=perpetual）
1663,sole,名詞,唯一の（=only）
1664,sour,形容詞,すっぱい
1665,notable,形容詞,注目すべき
1666,affluent,形容詞,"裕福な（=rich, wealthy）"
1667,naked,形容詞,裸の
1668,vocal,名詞,声の、発声の
1669,feminine,形容詞,女性的な
1670,vacant,形容詞,空いている（⇔occupied）
1671,exotic,形容詞,異国風の
1672,rigid,形容詞,厳格な、がんこな
1673,humid,形容詞,多湿の
1674,outstanding,形容詞,傑出した、目立った
1675,addicted,動詞,（be addicted to）～の中毒である／～に熱中した
1676,vulnerable,形容詞,攻撃を受けやすい、傷つきやすい
1677,spontaneous,形容詞,自然に起こる、自発的な
1678,greedy,形容詞,どん欲な
1679,trivial,形容詞,ささいな、とるに足らない
1680,per capita,形容詞,一人当たりの
1681,inherent,形容詞,本来備わった、固有の
1682,promising,形容詞,前途有望な
1683,physiological,形容詞,生理的な
1684,clinical,形容詞,臨床の
1685,chronic,形容詞,慢性の
1686,geological,形容詞,地質学の／地質学的な
1687,countless,形容詞,無数の
1688,innate,形容詞,先天的な（=inborn）
1689,alert,動詞,用心している、警戒している
1690,autonomous,形容詞,自律の、自立した
1691,simultaneously,副詞,同時に
1692,utterly,副詞,まったく、完全に（=totally）
1693,drastically,副詞,劇的に、徹底的に
1694,necessarily,副詞,必ず（しも）
1695,thereby,副詞,そうすることで（=by that means）
1696,frankly,副詞,率直に
1697,namely,副詞,すなわち
1698,hence,副詞,だから（=therefore）
1699,via,前置詞,～経由で（=by way of）
1700,owing to,動詞,～のために（=because of）
